<?xml version='1.0' encoding="utf-8"?>
<rows>
    <page>1</page>
    <total>1</total>
    <records>1</records>
    <row><cell>102</cell><cell>New in version 3.8</cell><cell></cell><cell>0</cell><cell>201</cell><cell>250</cell><cell>false</cell><cell>true</cell></row>
    <row><cell>103</cell><cell>Simple grouping with array data</cell><cell>38array.html</cell><cell>1</cell><cell>202</cell><cell>203</cell><cell>true</cell><cell>true</cell></row>
    <row><cell>104</cell><cell>Hide grouping column</cell><cell>38array2.html</cell><cell>1</cell><cell>204</cell><cell>205</cell><cell>true</cell><cell>true</cell></row>
    <row><cell>105</cell><cell>Grouped header row config</cell><cell>38array3.html</cell><cell>1</cell><cell>206</cell><cell>207</cell><cell>true</cell><cell>true</cell></row>
    <row><cell>106</cell><cell>RTL Support</cell><cell>38array4.html</cell><cell>1</cell><cell>208</cell><cell>209</cell><cell>true</cell><cell>true</cell></row>
    <row><cell>107</cell><cell>Grouping row(s) collapsed</cell><cell>38array5.html</cell><cell>1</cell><cell>210</cell><cell>211</cell><cell>true</cell><cell>true</cell></row>
    <row><cell>108</cell><cell>Summary Footers</cell><cell>38array6.html</cell><cell>1</cell><cell>212</cell><cell>213</cell><cell>true</cell><cell>true</cell></row>
    <row><cell>109</cell><cell>Remote Data (sorted)</cell><cell>38remote1.html</cell><cell>1</cell><cell>212</cell><cell>213</cell><cell>true</cell><cell>true</cell></row>
    <row><cell>110</cell><cell>Remote Data (sorted with grandtotals)</cell><cell>38remote2.html</cell><cell>1</cell><cell>214</cell><cell>215</cell><cell>true</cell><cell>true</cell></row>
    <row><cell>111</cell><cell>Remote Data (not sorted with grandtotals)</cell><cell>38remote3.html</cell><cell>1</cell><cell>216</cell><cell>217</cell><cell>true</cell><cell>true</cell></row>
    <row><cell>112</cell><cell>Dynamically change grouping</cell><cell>38remote4.html</cell><cell>1</cell><cell>217</cell><cell>218</cell><cell>true</cell><cell>true</cell></row>
    <row><cell>113</cell><cell>Grouping with XML Data</cell><cell>xmlex2.html</cell><cell>1</cell><cell>219</cell><cell>220</cell><cell>true</cell><cell>true</cell></row>
    <row><cell>114</cell><cell>View Summary Row on Collapse</cell><cell>38remote5.html</cell><cell>1</cell><cell>221</cell><cell>222</cell><cell>true</cell><cell>true</cell></row>
</rows>